tag,it0,it0_step,it10pct,it10pct_step,it25pct,it25pct_step,it50pct,it50pct_step,it75pct,it75pct_step,it100pct,it100pct_step,min,min_step,max,max_step,last_step_used_as_100pct
Curriculum/modify_angular_tracking_reward_std,0.3999999761581421,0,0.3999999761581421,1727,0.3802500069141388,4317,0.3614751398563385,8634,0.34362730383872986,12950,0.32666072249412537,17267,0.32666072249412537,15360,0.3999999761581421,0,17267
Curriculum/modify_command_velocity_ang_z,0.75,0,0.75,1727,0.75,4317,1.299999713897705,8634,1.350000023841858,12950,1.350000023841858,17267,0.75,0,1.350000023841858,8880,17267
Curriculum/modify_command_velocity_lin_x,1.0,0,1.0,1727,1.0,4317,1.1349998712539673,8634,1.3449996709823608,12950,1.5,17267,1.0,0,1.5,16416,17267
Curriculum/modify_command_velocity_lin_y,0.5,0,0.5,1727,0.5,4317,0.6499998569488525,8634,0.8749995827674866,12950,1.0,17267,0.5,0,1.0,15264,17267
Curriculum/modify_linear_tracking_reward_std,0.3999999761581421,0,0.3999999761581421,1727,0.3609999716281891,4317,0.3258025050163269,8634,0.29403674602508545,12950,0.26536816358566284,17267,0.26536816358566284,15360,0.3999999761581421,0,17267
Curriculum/modify_push_force,0.25,0,0.25,1727,0.25,4317,0.5358972549438477,8634,1.5289772748947144,12950,2.307359218597412,17267,0.25,0,2.8841991424560547,16512,17267
Curriculum/terrain_levels,0.0,0,0.0,1727,0.2384960949420929,4317,0.6534374952316284,8634,1.6091406345367432,12950,2.044199228286743,17267,0.0,0,2.0707128047943115,17239,17267
Episode_Reward/feet_air_time,-0.0033987711649388075,0,-0.06366574764251709,1727,-0.060423605144023895,4317,-0.0670720636844635,8634,-0.06423275172710419,12950,-0.06281805783510208,17267,-0.1463356465101242,111,-0.0033987711649388075,0,17267
Episode_Reward/feet_slide,-0.004420656245201826,0,-0.05566215515136719,1727,-0.046175550669431686,4317,-0.05258917808532715,8634,-0.06757999956607819,12950,-0.09168216586112976,17267,-0.2681707441806793,65,-0.004420656245201826,0,17267
Episode_Reward/keep_balance,0.0006500000599771738,0,0.04918437823653221,1727,0.04815714433789253,4317,0.0488126277923584,8634,0.04866921901702881,12950,0.04435799643397331,17267,0.0006500000599771738,0,0.049999531358480453,1054,17267
Episode_Reward/pen_abad_deviation,-0.011183862574398518,0,-0.5160118341445923,1727,-0.5425792336463928,4317,-0.6502259969711304,8634,-1.018750548362732,12950,-1.305647850036621,17267,-1.4979592561721802,17052,-0.011183862574398518,0,17267
Episode_Reward/pen_action_rate,-0.01540005300194025,0,-0.28215453028678894,1727,-0.291389524936676,4317,-0.41451993584632874,8634,-0.7941001653671265,12950,-1.5311415195465088,17267,-1.706686019897461,17052,-0.01540005300194025,0,17267
Episode_Reward/pen_action_smoothness,-0.06073714420199394,0,-0.8242576122283936,1727,-0.8920893669128418,4317,-1.2713634967803955,8634,-2.4661920070648193,12950,-4.95493221282959,17267,-5.432711124420166,17255,-0.06073714420199394,0,17267
Episode_Reward/pen_ang_vel_xy,-0.05393803492188454,0,-0.4594869613647461,1727,-0.4337165653705597,4317,-0.6053351163864136,8634,-1.1150628328323364,12950,-2.0570411682128906,17267,-2.3412601947784424,17122,-0.05393803492188454,0,17267
Episode_Reward/pen_base_height,-4.848220123676583e-05,0,-0.02294261008501053,1727,-0.055497270077466965,4317,-0.06979261338710785,8634,-0.05127399414777756,12950,-0.03225623443722725,17267,-2.8168530464172363,254,-4.848220123676583e-05,0,17267
Episode_Reward/pen_flat_orientation,-0.00036842693225480616,0,-0.010744743049144745,1727,-0.0094600860029459,4317,-0.009814837016165257,8634,-0.01453727949410677,12950,-0.027824243530631065,17267,-0.08211428672075272,69,-0.00036842693225480616,0,17267
Episode_Reward/pen_joint_accel,-0.0039028464816510677,0,-0.1296166330575943,1727,-0.11649854481220245,4317,-0.14971071481704712,8634,-0.2511971890926361,12950,-0.3790741562843323,17267,-0.426044225692749,16958,-0.0039028464816510677,0,17267
Episode_Reward/pen_joint_pos_limits,0.0,0,-0.08636094629764557,1727,-0.16637586057186127,4317,-0.24436436593532562,8634,-0.2827222943305969,12950,-0.2980792820453644,17267,-0.4017605483531952,14190,0.0,0,17267
Episode_Reward/pen_joint_torque,-0.0023808255791664124,0,-0.14318810403347015,1727,-0.14543716609477997,4317,-0.3094095289707184,8634,-0.3888082802295685,12950,-0.42968398332595825,17267,-0.47561392188072205,17263,-0.0023808255791664124,0,17267
Episode_Reward/pen_joint_vel_l2,-0.00019743568554986268,0,-0.008444800041615963,1727,-0.008517269045114517,4317,-0.011267795227468014,8634,-0.01915597915649414,12950,-0.031256068497896194,17267,-0.03471487760543823,17122,-0.00019743568554986268,0,17267
Episode_Reward/pen_lin_vel_z,-0.0032758424058556557,0,-0.13905753195285797,1727,-0.14385642111301422,4317,-0.1537347137928009,8634,-0.17376655340194702,12950,-0.8670418858528137,17267,-80.83867645263672,17052,-0.0032758424058556557,0,17267
Episode_Reward/pen_undesired_contacts,-0.002139285672456026,0,-0.024587223306298256,1727,-0.044537320733070374,4317,-0.009181903675198555,8634,-0.03264478221535683,12950,-0.08282332867383957,17267,-0.6615498065948486,2184,-0.001942532486282289,2384,17267
Episode_Reward/rew_ang_vel_z,0.04539981856942177,0,11.111642837524414,1727,10.926836967468262,4317,10.78675365447998,8634,9.738631248474121,12950,6.745628356933594,17267,0.04539981856942177,0,11.559958457946777,5558,17267
Episode_Reward/rew_lin_vel_xy,0.06264489889144897,0,22.940555572509766,1727,22.366498947143555,4317,22.458959579467773,8634,21.295907974243164,12950,17.089624404907227,17267,0.06264489889144897,0,23.70746612548828,5532,17267
Episode_Termination/base_contact,0.0,0,0.04990234225988388,1727,0.043085936456918716,4317,0.06563476473093033,8634,0.10123046487569809,12950,0.14497070014476776,17267,0.0,0,0.859667956829071,41,17267
Episode_Termination/time_out,0.013281249441206455,0,0.9503417611122131,1727,0.9571582078933716,4317,0.9343652129173279,8634,0.8992382884025574,12950,0.855029284954071,17267,0.013281249441206455,0,0.9675585627555847,2102,17267
Loss/entropy,17.017553329467773,0,4.527616500854492,1727,5.102099418640137,4317,7.863839626312256,8634,12.132543563842773,12950,17.352052688598633,17267,4.016528606414795,1287,17.352052688598633,17267,17267
Loss/learning_rate,9.999999747378752e-06,0,7.593750342493877e-05,1727,5.062499985797331e-05,4317,9.999999747378752e-06,8634,2.2500000341096893e-05,12950,1.4999999621068127e-05,17267,9.999999747378752e-06,0,0.0065684085711836815,62,17267
Loss/surrogate,0.02149089239537716,0,-0.003344285534694791,1727,-0.002469221595674753,4317,0.008637533523142338,8634,-0.0021481686271727085,12950,0.0004553311737254262,17267,-0.010357989929616451,45,0.20523874461650848,13561,17267
Loss/value_function,28.897865295410156,0,1.4568138122558594,1727,1.5588569641113281,4317,12.89931869506836,8634,11.712386131286621,12950,443.94085693359375,17267,0.6180083155632019,1200,4689.9482421875,17262,17267
Metrics/base_velocity/error_vel_xy,0.013001162558794022,0,0.1439824402332306,1727,0.13222528994083405,4317,0.1362358033657074,8634,0.18196024000644684,12950,0.30261680483818054,17267,0.013001162558794022,0,2.1231496334075928,15967,17267
Metrics/base_velocity/error_vel_yaw,0.014402460306882858,0,0.17032486200332642,1727,0.15454426407814026,4317,0.17126961052417755,8634,0.2467169165611267,12950,0.3783229887485504,17267,0.014402460306882858,0,0.7908775210380554,63,17267
Perf/collection time,14.535962104797363,0,4.430775165557861,1727,4.410971641540527,4317,4.503289222717285,8634,4.60442590713501,12950,6.090641975402832,17267,4.276473522186279,4796,47.98567581176758,14880,17267
Perf/learning_time,0.3608829975128174,0,0.2596707344055176,1727,0.25749707221984863,4317,0.2554483413696289,8634,0.25745463371276855,12950,0.2742938995361328,17267,0.24384593963623047,4882,0.3608829975128174,0,17267
Perf/total_fps,6873.0,0,21831.0,1727,21934.0,4317,21518.0,8634,21061.0,12950,16088.0,17267,2122.0,14880,22602.0,4889,17267
Policy/mean_noise_std,0.9991459250450134,0,0.36673393845558167,1727,0.3955879807472229,4317,0.5007750391960144,8634,0.7123764157295227,12950,1.0936388969421387,17267,0.35123926401138306,1301,1.0936388969421387,17267,17267
Train/mean_episode_length,14.09000015258789,0,983.9600219726562,1727,961.5399780273438,4317,976.4199829101562,8634,970.1199951171875,12950,915.9299926757812,17267,14.09000015258789,0,1000.0,1054,17267
Train/mean_reward,-1.1849889755249023,0,630.36181640625,1727,607.4525146484375,4317,584.7146606445312,8634,483.8704833984375,12950,234.02784729003906,17267,-821.3601684570312,16960,646.3193969726562,5275,17267
