tag,n_points,step_min,step_max
Curriculum/modify_angular_tracking_reward_std,9687,0,9686
Curriculum/modify_command_velocity_ang_z,9687,0,9686
Curriculum/modify_command_velocity_lin_x,9687,0,9686
Curriculum/modify_command_velocity_lin_y,9687,0,9686
Curriculum/modify_linear_tracking_reward_std,9687,0,9686
Curriculum/modify_push_force,9687,0,9686
Curriculum/terrain_levels,9687,0,9686
Episode_Reward/feet_air_time,9687,0,9686
Episode_Reward/feet_slide,9687,0,9686
Episode_Reward/keep_balance,9687,0,9686
Episode_Reward/pen_abad_deviation,9687,0,9686
Episode_Reward/pen_action_rate,9687,0,9686
Episode_Reward/pen_action_smoothness,9687,0,9686
Episode_Reward/pen_ang_vel_xy,9687,0,9686
Episode_Reward/pen_base_height,9687,0,9686
Episode_Reward/pen_flat_orientation,9687,0,9686
Episode_Reward/pen_joint_accel,9687,0,9686
Episode_Reward/pen_joint_pos_limits,9687,0,9686
Episode_Reward/pen_joint_torque,9687,0,9686
Episode_Reward/pen_joint_vel_l2,9687,0,9686
Episode_Reward/pen_lin_vel_z,9687,0,9686
Episode_Reward/pen_undesired_contacts,9687,0,9686
Episode_Reward/rew_ang_vel_z,9687,0,9686
Episode_Reward/rew_foot_clearance,9687,0,9686
Episode_Reward/rew_lin_vel_xy,9687,0,9686
Episode_Termination/base_contact,9687,0,9686
Episode_Termination/time_out,9687,0,9686
Loss/entropy,9687,0,9686
Loss/learning_rate,9687,0,9686
Loss/surrogate,9687,0,9686
Loss/value_function,9687,0,9686
Metrics/base_velocity/error_vel_xy,9687,0,9686
Metrics/base_velocity/error_vel_yaw,9687,0,9686
Perf/collection time,9687,0,9686
Perf/learning_time,9687,0,9686
Perf/total_fps,9687,0,9686
Policy/mean_noise_std,9687,0,9686
Train/mean_episode_length,9687,0,9686
Train/mean_episode_length/time,9687,18,82660
Train/mean_reward,9687,0,9686
Train/mean_reward/time,9687,18,82660
